<!-- Generated Puc-Rio -->
<doc>
<entry><fullname>bernardo pereira nunes</fullname></entry><entry><fullname>Alexander Arturo Mera</fullname></entry>
<entry><fullname>Joao Andres Silva</fullname></entry>
<entry><fullname>Pedro David Picapiedras</fullname></entry>
<entry><fullname>Bernardo Pablo Silva</fullname></entry>
<entry><fullname>Alexander Alfredo Pica</fullname></entry>
<entry><fullname>Joao Ricardo Pereira</fullname></entry>
<entry><fullname>Pedro Bernardo Mera</fullname></entry>
<entry><fullname>Pedro Mera Silva</fullname></entry>
<entry><fullname>Jose Carlos Mena</fullname></entry>
</doc>