<!-- Generated Puc-Rio -->
<doc>
<entry>
<firstname>Bernardo</firstname><secondname>Pereira</secondname><midname>nunes</midname><fulladdress>dagdhgasdhgsd</fulladdress>
</entry>
<entry>
<firstname>Alexander</firstname><secondname>arturo</secondname><midname>Mera</midname><fulladdress>dhajdhajdjbd</fulladdress>
</entry>
<entry>
<firstname>joao</firstname><secondname>andres</secondname><midname>silva</midname><fulladdress>aiueiqwennads</fulladdress>
</entry>
<entry>
<firstname>pedro</firstname><secondname>david</secondname><midname>picapiedras</midname><fulladdress>nvmehewn</fulladdress>
</entry>
<entry>
<firstname>bernardo</firstname><secondname>pablo</secondname><midname>silva</midname><fulladdress>qweqwe</fulladdress>
</entry>
<entry>
<firstname>alexander</firstname><secondname>alfedro</secondname><midname>pica</midname><fulladdress>lalal</fulladdress>
</entry>
<entry>
<firstname>joao</firstname><secondname>ricardo</secondname><midname>pereira</midname><fulladdress>plmkon</fulladdress>
</entry>
<entry>
<firstname>pedro</firstname><secondname>bernardo</secondname><midname>mera</midname><fulladdress></fulladdress>
</entry>
<entry>
<firstname>pedro</firstname><secondname>mera</secondname><midname>silva</midname><fulladdress>qywyqwy</fulladdress>
</entry>
<entry>
<firstname>jose</firstname><secondname>carlos</secondname><midname>mena</midname><fulladdress>ajajja</fulladdress></entry>
</doc>